<?xml version='1.0' encoding='UTF-8'?>
<types:mule xmlns:types="http://www.mulesoft.org/schema/mule/types">
  <types:catalog>
    <types:type name="auto_76b3d198-8939-4038-8bbd-2bd3d88ada4b_Output-Variables-varPropertyOwners" format="java">
      <types:shape format="weave" example="weave/autogenerated/76b3d198-8939-4038-8bbd-2bd3d88ada4b/Output-Variables-varPropertyOwners.wev" autogeneratedOrigin="96075c92-cf34-4d02-8fe5-93a095db8ef8"><![CDATA[%dw 2.0

type auto_76b3d198_8939_4038_8bbd_2bd3d88ada4b_Output_Variables_varPropertyOwners = Any

]]></types:shape>
    </types:type>
    <types:type name="auto_76b3d198-8939-4038-8bbd-2bd3d88ada4b_Output-Variables-varPropertyDocuments" format="java">
      <types:shape format="weave" example="weave/autogenerated/76b3d198-8939-4038-8bbd-2bd3d88ada4b/Output-Variables-varPropertyDocuments.wev" autogeneratedOrigin="96075c92-cf34-4d02-8fe5-93a095db8ef8"><![CDATA[%dw 2.0

type auto_76b3d198_8939_4038_8bbd_2bd3d88ada4b_Output_Variables_varPropertyDocuments = Any

]]></types:shape>
    </types:type>
    <types:type name="auto_76b3d198-8939-4038-8bbd-2bd3d88ada4b_Input-Variables-propertyId" format="java">
      <types:shape format="weave" example="weave/autogenerated/76b3d198-8939-4038-8bbd-2bd3d88ada4b/Input-Variables-propertyId.wev" autogeneratedOrigin="96075c92-cf34-4d02-8fe5-93a095db8ef8"><![CDATA[%dw 2.0

type auto_76b3d198_8939_4038_8bbd_2bd3d88ada4b_Input_Variables_propertyId = Any

]]></types:shape>
    </types:type>
    <types:type name="auto_76b3d198-8939-4038-8bbd-2bd3d88ada4b_Output-Payload" format="json">
      <types:shape format="weave" example="weave/autogenerated/76b3d198-8939-4038-8bbd-2bd3d88ada4b/Output-Payload.wev" autogeneratedOrigin="96075c92-cf34-4d02-8fe5-93a095db8ef8"><![CDATA[%dw 2.0

type auto_76b3d198_8939_4038_8bbd_2bd3d88ada4b_Output_Payload = {|
  propertyDetails: Array<{|    property: {|      location: Any,       valuations: Any,       documents: Any,       owners: Any    |}  |}>
|}

]]></types:shape>
    </types:type>
    <types:type name="auto_76b3d198-8939-4038-8bbd-2bd3d88ada4b_Output-Attributes" format="java">
      <types:shape format="weave" example="weave/autogenerated/76b3d198-8939-4038-8bbd-2bd3d88ada4b/Output-Attributes.wev" autogeneratedOrigin="96075c92-cf34-4d02-8fe5-93a095db8ef8"><![CDATA[%dw 2.0

type auto_76b3d198_8939_4038_8bbd_2bd3d88ada4b_Output_Attributes = Null

]]></types:shape>
    </types:type>
    <types:type name="auto_76b3d198-8939-4038-8bbd-2bd3d88ada4b_Output-Variables-propertyId" format="java">
      <types:shape format="weave" example="weave/autogenerated/76b3d198-8939-4038-8bbd-2bd3d88ada4b/Output-Variables-propertyId.wev" autogeneratedOrigin="96075c92-cf34-4d02-8fe5-93a095db8ef8"><![CDATA[%dw 2.0

type auto_76b3d198_8939_4038_8bbd_2bd3d88ada4b_Output_Variables_propertyId = Any

]]></types:shape>
    </types:type>
    <types:type name="auto_76b3d198-8939-4038-8bbd-2bd3d88ada4b_Output-Variables-varPropertyValuations" format="java">
      <types:shape format="weave" example="weave/autogenerated/76b3d198-8939-4038-8bbd-2bd3d88ada4b/Output-Variables-varPropertyValuations.wev" autogeneratedOrigin="96075c92-cf34-4d02-8fe5-93a095db8ef8"><![CDATA[%dw 2.0

type auto_76b3d198_8939_4038_8bbd_2bd3d88ada4b_Output_Variables_varPropertyValuations = Any

]]></types:shape>
    </types:type>
    <types:type name="auto_76b3d198-8939-4038-8bbd-2bd3d88ada4b_Output-Variables-varPropertyLocations" format="java">
      <types:shape format="weave" example="weave/autogenerated/76b3d198-8939-4038-8bbd-2bd3d88ada4b/Output-Variables-varPropertyLocations.wev" autogeneratedOrigin="96075c92-cf34-4d02-8fe5-93a095db8ef8"><![CDATA[%dw 2.0

type auto_76b3d198_8939_4038_8bbd_2bd3d88ada4b_Output_Variables_varPropertyLocations = Any

]]></types:shape>
    </types:type>
  </types:catalog>
  <types:enrichment select="#76b3d198-8939-4038-8bbd-2bd3d88ada4b">
    <types:processor-declaration>
      <types:input-event>
        <types:variables>
          <types:variable name="propertyId" type="auto_76b3d198-8939-4038-8bbd-2bd3d88ada4b_Input-Variables-propertyId"/>
        </types:variables>
      </types:input-event>
      <types:output-event>
        <types:message>
          <types:payload type="auto_76b3d198-8939-4038-8bbd-2bd3d88ada4b_Output-Payload"/>
          <types:attributes type="auto_76b3d198-8939-4038-8bbd-2bd3d88ada4b_Output-Attributes"/>
        </types:message>
        <types:variables>
          <types:variable name="varPropertyDocuments" type="auto_76b3d198-8939-4038-8bbd-2bd3d88ada4b_Output-Variables-varPropertyDocuments"/>
          <types:variable name="varPropertyValuations" type="auto_76b3d198-8939-4038-8bbd-2bd3d88ada4b_Output-Variables-varPropertyValuations"/>
          <types:variable name="varPropertyOwners" type="auto_76b3d198-8939-4038-8bbd-2bd3d88ada4b_Output-Variables-varPropertyOwners"/>
          <types:variable name="varPropertyLocations" type="auto_76b3d198-8939-4038-8bbd-2bd3d88ada4b_Output-Variables-varPropertyLocations"/>
          <types:variable name="propertyId" type="auto_76b3d198-8939-4038-8bbd-2bd3d88ada4b_Output-Variables-propertyId"/>
        </types:variables>
      </types:output-event>
    </types:processor-declaration>
  </types:enrichment>
</types:mule>