<?xml version="1.0" encoding="UTF-8"?>
<mule xmlns="http://www.mulesoft.org/schema/mule/core" xmlns:apikit="http://www.mulesoft.org/schema/mule/mule-apikit" xmlns:doc="http://www.mulesoft.org/schema/mule/documentation" xmlns:ee="http://www.mulesoft.org/schema/mule/ee/core" xmlns:http="http://www.mulesoft.org/schema/mule/http" xmlns:xsi="http://www.w3.org/2001/XMLSchema-instance" xsi:schemaLocation="http://www.mulesoft.org/schema/mule/core http://www.mulesoft.org/schema/mule/core/current/mule.xsd http://www.mulesoft.org/schema/mule/http http://www.mulesoft.org/schema/mule/http/current/mule-http.xsd http://www.mulesoft.org/schema/mule/mule-apikit http://www.mulesoft.org/schema/mule/mule-apikit/current/mule-apikit.xsd http://www.mulesoft.org/schema/mule/ee/core http://www.mulesoft.org/schema/mule/ee/core/current/mule-ee.xsd ">
    <flow name="dbiz-demo-exp-api-main">
        <http:listener config-ref="dbiz-demo-exp-api-httpListenerConfig" path="${http.basePath}" doc:name="HTTP:8081">
            <http:response statusCode="#[vars.httpStatus default 200]">
                <http:headers><![CDATA[#[vars.outboundHeaders default {}]]]></http:headers>
            </http:response>
            <http:error-response statusCode="#[vars.httpStatus default 500]">
                <http:body><![CDATA[#[payload]]]></http:body>
                <http:headers><![CDATA[#[vars.outboundHeaders default {}]]]></http:headers>
            </http:error-response>
        </http:listener>
        <ee:transform doc:name="Consumer Details" doc:id="929f59b0-4101-47fa-b852-6239a72bf60a" >
			<ee:message >
			</ee:message>
			<ee:variables >
				<ee:set-variable variableName="consumer" ><![CDATA[%dw 2.0
output application/Json
---
{
	Id : correlationId,
	Process :attributes.requestUri default "",
	Method: attributes.method default "",
	Client_ID: attributes.headers.'client_id' default "Unknown",
	Client_App:authentication.properties.clientName default "Unknown",
	Flow_Name : flow.name default ""
}]]></ee:set-variable>
			</ee:variables>
		</ee:transform>
		<logger level="INFO" doc:name="Client Details" doc:id="57fa0f2d-bf80-482b-bbd5-715828459637" message="#[output application/Json&#10;---&#10;vars.consumer]"/>
		<apikit:router config-ref="dbiz-demo-exp-api-config" />
        <error-handler>
            <on-error-propagate type="APIKIT:BAD_REQUEST">
                <ee:transform doc:name="Transform Message">
                    <ee:message>
                        <ee:set-payload><![CDATA[%dw 2.0
output application/json
---
{message: "Bad request"}]]></ee:set-payload>
                    </ee:message>
                    <ee:variables>
                        <ee:set-variable variableName="httpStatus">400</ee:set-variable>
                    </ee:variables>
                </ee:transform>
            </on-error-propagate>
            <on-error-propagate type="APIKIT:NOT_FOUND">
                <ee:transform doc:name="Transform Message">
                    <ee:message>
                        <ee:set-payload><![CDATA[%dw 2.0
output application/json
---
{message: "Resource not found"}]]></ee:set-payload>
                    </ee:message>
                    <ee:variables>
                        <ee:set-variable variableName="httpStatus">404</ee:set-variable>
                    </ee:variables>
                </ee:transform>
            </on-error-propagate>
            <on-error-propagate type="APIKIT:METHOD_NOT_ALLOWED">
                <ee:transform doc:name="Transform Message">
                    <ee:message>
                        <ee:set-payload><![CDATA[%dw 2.0
output application/json
---
{message: "Method not allowed"}]]></ee:set-payload>
                    </ee:message>
                    <ee:variables>
                        <ee:set-variable variableName="httpStatus">405</ee:set-variable>
                    </ee:variables>
                </ee:transform>
            </on-error-propagate>
            <on-error-propagate type="APIKIT:NOT_ACCEPTABLE">
                <ee:transform doc:name="Transform Message">
                    <ee:message>
                        <ee:set-payload><![CDATA[%dw 2.0
output application/json
---
{message: "Not acceptable"}]]></ee:set-payload>
                    </ee:message>
                    <ee:variables>
                        <ee:set-variable variableName="httpStatus">406</ee:set-variable>
                    </ee:variables>
                </ee:transform>
            </on-error-propagate>
            <on-error-propagate type="APIKIT:UNSUPPORTED_MEDIA_TYPE">
                <ee:transform doc:name="Transform Message">
                    <ee:message>
                        <ee:set-payload><![CDATA[%dw 2.0
output application/json
---
{message: "Unsupported media type"}]]></ee:set-payload>
                    </ee:message>
                    <ee:variables>
                        <ee:set-variable variableName="httpStatus">415</ee:set-variable>
                    </ee:variables>
                </ee:transform>
            </on-error-propagate>
            <on-error-propagate type="APIKIT:NOT_IMPLEMENTED">
                <ee:transform doc:name="Transform Message">
                    <ee:message>
                        <ee:set-payload><![CDATA[%dw 2.0
output application/json
---
{message: "Not Implemented"}]]></ee:set-payload>
                    </ee:message>
                    <ee:variables>
                        <ee:set-variable variableName="httpStatus">501</ee:set-variable>
                    </ee:variables>
                </ee:transform>
            </on-error-propagate>
        </error-handler>
    </flow>
    <flow name="dbiz-demo-exp-api-console">
        <http:listener config-ref="dbiz-demo-exp-api-httpListenerConfig" path="${http.console}" doc:name="HTTP:8081">
            <http:response statusCode="#[vars.httpStatus default 200]">
                <http:headers><![CDATA[#[vars.outboundHeaders default {}]]]></http:headers>
            </http:response>
            <http:error-response statusCode="#[vars.httpStatus default 500]">
                <http:body><![CDATA[#[payload]]]></http:body>
                <http:headers><![CDATA[#[vars.outboundHeaders default {}]]]></http:headers>
            </http:error-response>
        </http:listener>
        <apikit:console config-ref="dbiz-demo-exp-api-config" />
        <error-handler>
            <on-error-propagate type="APIKIT:NOT_FOUND">
                <ee:transform doc:name="Transform Message">
                    <ee:message>
                        <ee:set-payload><![CDATA[%dw 2.0
output application/json
---
{message: "Resource not found"}]]></ee:set-payload>
                    </ee:message>
                    <ee:variables>
                        <ee:set-variable variableName="httpStatus">404</ee:set-variable>
                    </ee:variables>
                </ee:transform>
            </on-error-propagate>
        </error-handler>
    </flow>
    <flow name="get:\propertyDetails:dbiz-demo-exp-api-config">
        <logger level="INFO" doc:name="Entry Logger" doc:id="9069ef94-b10f-42fd-8f73-a02e30e902ff" message="Process Started in - GET Properties Details flow!"/>
		<logger level="INFO" doc:name="Client App" doc:id="32d649a4-cce3-4686-ade3-e485e3b19655" message='#["Client request received from the application:" ++ (vars.consumer.Client_App)]'/>
		<ee:transform doc:name="Sample Payload">
            <ee:message>
                <ee:set-payload><![CDATA[%dw 2.0
output application/json
---
readUrl("classpath://propertiesDetails.json", "application/json")]]></ee:set-payload>
            </ee:message>
        </ee:transform>
		<logger level="INFO" doc:name="Exit Logger" doc:id="b97e882b-b89d-4de1-a234-f1f6487d66e8" message="Process Ended in - GET Properties Details flow!"/>
    </flow>
    <flow name="get:\propertyDetails\(propertyId):dbiz-demo-exp-api-config">
        <logger level="INFO" doc:name="Entry Logger" doc:id="cc1775bb-a43a-4caa-826b-4071eba3fc08" message="Process Started in - GET Properties by Id flow!" />
		<logger level="INFO" doc:name="Client App" doc:id="7ad6b863-0cc4-4d1a-b86f-925a19c77852" message='#["Client request received from the application:" ++ (vars.consumer.Client_App)]' />
		<logger level="INFO" doc:name="URI Parameter" doc:id="cd6f4b1e-fabd-4e89-8a01-97fd76b47e8a" message="URI parameter received from client system: #[attributes.uriParams.propertyId]"/>
		<set-variable value='#[attributes.uriParams.propertyId default ""]' doc:name="propertiesId" doc:id="04658210-1e6c-45ef-a49f-61bab2e3e843" variableName="propertiesId"/>
		<http:request method="GET" doc:name="Request to Process API" doc:id="db3eacfb-bd0a-41be-8be7-918f66c200f5" config-ref="HTTPS_Process_API_Request_configuration" path="${processapi.propertyDetailsById}" sendCorrelationId="AUTO" correlationId="#[correlationId]">
			<http:headers ><![CDATA[#[output application/java
---
{
	"clientName" : vars.consumer.Client_App,
	"Client_Id" : p('processapi.client_id'),
	"Client_Secret" :p('processapi.client_secret')
}]]]></http:headers>
			<http:uri-params ><![CDATA[#[output application/java
---
{
	"pId" : vars.propertiesId
}]]]></http:uri-params>
		</http:request>
        <logger level="INFO" doc:name="Response Logger" doc:id="c6115f6e-3492-4555-bc7a-8c8a7cb8c16a" message="Response received from the client system: #[payload]"/>
		<ee:transform doc:name="Response">
            <ee:message>
                <ee:set-payload><![CDATA[%dw 2.0
output application/json
---
payload]]></ee:set-payload>
            </ee:message>
        </ee:transform>
		<logger level="INFO" doc:name="Exit Logger" doc:id="e08f414c-64e4-45b7-a47f-cf7e58bbb4d7" message="Process Ended in - GET Properties By Id flow!" />
    </flow>
</mule>
