<?xml version="1.0" encoding="UTF-8"?>

<mule xmlns:api-gateway="http://www.mulesoft.org/schema/mule/api-gateway"
	xmlns:apikit="http://www.mulesoft.org/schema/mule/mule-apikit"
	xmlns:http="http://www.mulesoft.org/schema/mule/http" xmlns="http://www.mulesoft.org/schema/mule/core"
	xmlns:doc="http://www.mulesoft.org/schema/mule/documentation"
	xmlns:xsi="http://www.w3.org/2001/XMLSchema-instance" xsi:schemaLocation="
http://www.mulesoft.org/schema/mule/mule-apikit http://www.mulesoft.org/schema/mule/mule-apikit/current/mule-apikit.xsd 
http://www.mulesoft.org/schema/mule/http http://www.mulesoft.org/schema/mule/http/current/mule-http.xsd http://www.mulesoft.org/schema/mule/core http://www.mulesoft.org/schema/mule/core/current/mule.xsd
http://www.mulesoft.org/schema/mule/api-gateway http://www.mulesoft.org/schema/mule/api-gateway/current/mule-api-gateway.xsd">
 <http:listener-config name="dbiz-demo-exp-api-httpListenerConfig">
        <http:listener-connection host="0.0.0.0" port="${http.port}" readTimeout="${http.read_timeout}" connectionIdleTimeout="${http.idle_timeout}"/>
    </http:listener-config>
    <apikit:config name="dbiz-demo-exp-api-config" api="resource::3bb0b0de-c296-4a9a-b804-573c3fb2f198:dbiz-demo-exp-api:1.0.0:raml:zip:dbiz-demo-exp-api.raml" outboundHeadersMapName="outboundHeaders" httpStatusVarName="httpStatus" />
	<api-gateway:autodiscovery apiId="${http.auto_discovery_id}" ignoreBasePath="true" doc:name="API Autodiscovery" doc:id="0bffc629-3a71-4a61-9a4a-8a3cd378a5c7" flowRef="dbiz-demo-exp-api-main" />
	<http:request-config name="HTTPS_Process_API_Request_configuration" doc:name="HTTP Request configuration" doc:id="0a1109f3-6515-4af9-8614-e86c7a8abbd3" basePath="${processapi.basepath}">
		<http:request-connection host="${processapi.host}" port="${processapi.port}" protocol="HTTPS"/>
	</http:request-config>
	<configuration-properties doc:name="Configuration properties" doc:id="695b372a-8bc0-406d-8ce9-fd0bea984bff" file="properties\application-properties.yaml" />
   	

</mule>
