{
  "propertyDetails": [
    {
      "property": {
        "location": {
          "address": {
            "postCode": "8037",
            "city": "Zurich",
            "street": "Nordstrasse",
            "houseNumber": "391"
          }
        },
        "valuations": [
          {
            "valuation_date": "2025-06-01",
            "market_value": 750000
          }
        ],
        "documents": [
          {
            "docName": "property index2",
            "url": "https://documents/library/report.pdf"
          },
          {
            "docName": "property sale deed",
            "url": "https://documents/library/sale-deed.pdf"
          }
        ],
        "owners": [
          {
            "name": "John Doe"
          }
        ]
      }
    }
  ]
}