<?xml version="1.0" encoding="UTF-8"?>

<mule xmlns:ee="http://www.mulesoft.org/schema/mule/ee/core" xmlns:http="http://www.mulesoft.org/schema/mule/http"
	xmlns="http://www.mulesoft.org/schema/mule/core"
	xmlns:doc="http://www.mulesoft.org/schema/mule/documentation" xmlns:xsi="http://www.w3.org/2001/XMLSchema-instance" xsi:schemaLocation="http://www.mulesoft.org/schema/mule/core http://www.mulesoft.org/schema/mule/core/current/mule.xsd
http://www.mulesoft.org/schema/mule/http http://www.mulesoft.org/schema/mule/http/current/mule-http.xsd
http://www.mulesoft.org/schema/mule/ee/core http://www.mulesoft.org/schema/mule/ee/core/current/mule-ee.xsd">
	<sub-flow name="dbiz-proc-api-implementationSub_Flow" doc:id="76b3d198-8939-4038-8bbd-2bd3d88ada4b" >
		<logger level="INFO" doc:name="Log Start" doc:id="b6766c73-6a2d-49af-b45c-44ca23fba447" message='#["scatter gather flow execution started"]'/>
		<scatter-gather doc:name="Scatter-Gather" doc:id="e29474f6-eed5-4241-a229-5a43bd7f60c3" >
			<route >
				<http:request method="GET" doc:name="Request Property Owners" doc:id="d2a62e0b-ef36-4eaf-b39f-89db4dc10db5" config-ref="HTTP_Request_configuration_Microservice_SYS" path="/owners/CH212" target="varPropertyOwners">
					<http:headers ><![CDATA[#[output application/java
---
{
	"Client_Id" : "6e620afc7f8741009401919d0e1266e2",
	"Client_Secret": "2a6C031F0D9C4Af9895bEE7512dDAD04"
}]]]></http:headers>
				</http:request>
			</route>
			<route >
				<http:request method="GET" doc:name="Request Property Documents" doc:id="90dad7cd-e3b1-46ef-bd39-261e5128e8ee" config-ref="HTTP_Request_configuration_Microservice_SYS" path="/documents/CH212" target="varPropertyDocuments">
					<http:headers ><![CDATA[#[output application/java
---
{
	"Client_Id" : "6e620afc7f8741009401919d0e1266e2",
	"Client_Secret": "2a6C031F0D9C4Af9895bEE7512dDAD04"
}]]]></http:headers>
				</http:request>
			</route>
			<route >
				<http:request method="GET" doc:name="Request Property Valuations" doc:id="e43c9245-59f7-4c70-8e78-da7910a30a61" config-ref="HTTP_Request_configuration_Microservice_SYS" path="/valuations/CH212" target="varPropertyValuations">
					<http:headers ><![CDATA[#[output application/java
---
{
	"Client_Id" : "6e620afc7f8741009401919d0e1266e2",
	"Client_Secret": "2a6C031F0D9C4Af9895bEE7512dDAD04"
}]]]></http:headers>
				</http:request>
			</route>
			<route >
				<http:request method="GET" doc:name="Request Property Locations" doc:id="a5fe5280-b0bc-4863-9d8c-1296689cef58" config-ref="HTTP_Request_configuration_Microservice_SYS" path="/location/CH212" target="varPropertyLocations">
					<http:headers ><![CDATA[#[output application/java
---
{
	"Client_Id" : "6e620afc7f8741009401919d0e1266e2",
	"Client_Secret": "2a6C031F0D9C4Af9895bEE7512dDAD04"
}]]]></http:headers>
				</http:request>
			</route>
		</scatter-gather>
		<ee:transform doc:name="Aggregated Payload" doc:id="9340f2b4-6946-42e6-949c-278d6a46b3bf" >
			<ee:message >
				<ee:set-payload ><![CDATA[%dw 2.0
output application/json
var locationInspectionVendor = {
    "propertyDetails": [
        {
            "property": {
            	"location": vars.varPropertyLocations.location default {}
          		}
        }
    ]
}
var documentInspectionVendor = {
    "propertyDetails": [
        {
            "property": {
            	"documents": vars.varPropertyDocuments default []
          		}
        }
    ]
}
var clientPartner = {
	"propertyDetails": [
        {
            "property": {
            	"location": vars.varPropertyLocations.location default {},
            	"valuations": (vars.varPropertyValuations map((item,index) ->
            		{
            			"valuation_date": item."valuation_date",
    					"market_value": item."market_value"
            		})) default [],
            	"documents": vars.varPropertyDocuments default [],
             	"owners": vars.varPropertyOwners default []
          		}
        }
    ]
}
---
if(vars.clientAppName ~= 'locationInspection_vendor')
	locationInspectionVendor
else if(vars.clientAppName ~= 'documentInspection_vendor')
	documentInspectionVendor
else if(vars.clientAppName ~= 'client_partner')
	clientPartner
else { "propertyDetails": [] }
	]]></ee:set-payload>
			</ee:message>
		</ee:transform>
		<logger level="INFO" doc:name="Log End" doc:id="1c06ecb6-cc80-4aa5-83ef-c27865d530d6" message='#["payload aggregation completed"]'/>
	</sub-flow>
</mule>
