<?xml version="1.0" encoding="UTF-8"?>

<mule xmlns:api-gateway="http://www.mulesoft.org/schema/mule/api-gateway"
	xmlns:apikit="http://www.mulesoft.org/schema/mule/mule-apikit"
	xmlns:http="http://www.mulesoft.org/schema/mule/http" xmlns="http://www.mulesoft.org/schema/mule/core"
	xmlns:doc="http://www.mulesoft.org/schema/mule/documentation"
	xmlns:xsi="http://www.w3.org/2001/XMLSchema-instance" xsi:schemaLocation="
http://www.mulesoft.org/schema/mule/mule-apikit http://www.mulesoft.org/schema/mule/mule-apikit/current/mule-apikit.xsd 
http://www.mulesoft.org/schema/mule/http http://www.mulesoft.org/schema/mule/http/current/mule-http.xsd http://www.mulesoft.org/schema/mule/core http://www.mulesoft.org/schema/mule/core/current/mule.xsd
http://www.mulesoft.org/schema/mule/api-gateway http://www.mulesoft.org/schema/mule/api-gateway/current/mule-api-gateway.xsd">
 <http:listener-config name="dbiz-proc-api-httpListenerConfig">
        <http:listener-connection host="0.0.0.0" port="8081" />
    </http:listener-config>
    <apikit:config name="dbiz-proc-api-config" api="dbiz-proc-api.raml" outboundHeadersMapName="outboundHeaders" httpStatusVarName="httpStatus" />
	<api-gateway:autodiscovery apiId="20441358" ignoreBasePath="true" doc:name="API Autodiscovery" doc:id="354e15b6-68b3-4335-ba9c-715403f3235e" flowRef="dbiz-proc-api-main" />
   	<http:request-config name="HTTP_Request_configuration_Microservice_SYS" doc:name="HTTP Request configuration" doc:id="a580b24c-085e-44bd-83ab-d6549b784eb4" basePath="/api">
		<http:request-connection protocol="HTTPS" host="dbiz-microservices-sys-api-a9no7y.5sc6y6-1.usa-e2.cloudhub.io" port="443" />
	</http:request-config>
	<api-gateway:autodiscovery apiId="20441704" ignoreBasePath="true" doc:name="API Autodiscovery" doc:id="ac4fe046-d124-44d5-9af7-9d9f7bb7008f" flowRef="dbiz-proc-api-main" />

</mule>
